{"type":"FeatureCollection", "features": [
{"type":"Feature","geometry":{"type":"Point","coordinates":[-90.9833646,38.5362205]},"properties":{"osm_id":4709226181,"access":"","aerialway":"","aeroway":"","amenity":"cafe","area":"","barrier":"","bicycle":"","brand":"","bridge":"","boundary":"","building":"","capital":"","covered":"","culvert":"","cutting":"","disused":"","ele":"","embankment":"","foot":"","harbour":"","highway":"","historic":"","horse":"","junction":"","landuse":"","layer":"","leisure":"","lock":"","man_made":"","military":"","motorcar":"","name":"Starbucks","natural":"","oneway":"","operator":"","poi":"","population":"","power":"","place":"","railway":"","ref":"","religion":"","route":"","service":"","shop":"","sport":"","surface":"","toll":"","tourism":"","tower_type":"","tunnel":"","water":"","waterway":"","wetland":"","width":"","wood":"","z_order":null,"tags":"\"cuisine\"=>\"coffee_shop\""}},
{"type":"Feature","geometry":{"type":"Point","coordinates":[-90.4040684,38.349382]},"properties":{"osm_id":761243838,"access":"","aerialway":"","aeroway":"","amenity":"cafe","area":"","barrier":"","bicycle":"","brand":"","bridge":"","boundary":"","building":"","capital":"","covered":"","culvert":"","cutting":"","disused":"","ele":"","embankment":"","foot":"","harbour":"","highway":"","historic":"","horse":"","junction":"","landuse":"","layer":"","leisure":"","lock":"","man_made":"","military":"","motorcar":"","name":"Gigi's Fresh Cafe","natural":"","oneway":"","operator":"","poi":"","population":"","power":"","place":"","railway":"","ref":"","religion":"","route":"","service":"","shop":"","sport":"","surface":"","toll":"","tourism":"","tower_type":"","tunnel":"","water":"","waterway":"","wetland":"","width":"","wood":"","z_order":null,"tags":""}},
{"type":"Feature","geometry":{"type":"Point","coordinates":[-90.5431546,38.5926691]},"properties":{"osm_id":3383776633,"access":"","aerialway":"","aeroway":"","amenity":"cafe","area":"","barrier":"","bicycle":"","brand":"","bridge":"","boundary":"","building":"","capital":"","covered":"","culvert":"","cutting":"","disused":"","ele":"","embankment":"","foot":"","harbour":"","highway":"","historic":"","horse":"","junction":"","landuse":"","layer":"","leisure":"","lock":"","man_made":"","military":"","motorcar":"","name":"Starbucks","natural":"","oneway":"","operator":"","poi":"","population":"","power":"","place":"","railway":"","ref":"","religion":"","route":"","service":"","shop":"","sport":"","surface":"","toll":"","tourism":"","tower_type":"","tunnel":"","water":"","waterway":"","wetland":"","width":"","wood":"","z_order":null,"tags":""}},
{"type":"Feature","geometry":{"type":"Point","coordinates":[-90.4965638,38.5365807]},"properties":{"osm_id":278375768,"access":"","aerialway":"","aeroway":"","amenity":"cafe","area":"","barrier":"","bicycle":"","brand":"","bridge":"","boundary":"","building":"","capital":"","covered":"","culvert":"","cutting":"","disused":"","ele":"","embankment":"","foot":"","harbour":"","highway":"","historic":"","horse":"","junction":"","landuse":"","layer":"","leisure":"","lock":"","man_made":"","military":"","motorcar":"","name":"Starbuck's","natural":"","oneway":"","operator":"","poi":"","population":"","power":"","place":"","railway":"","ref":"","religion":"","route":"","service":"","shop":"","sport":"","surface":"","toll":"","tourism":"","tower_type":"","tunnel":"","water":"","waterway":"","wetland":"","width":"","wood":"","z_order":null,"tags":"\"contact:twitter\"=>\"http://twitter.com/starbucks\", \"contact:website\"=>\"http://www.starbucks.com/\", \"contact:youtube\"=>\"http://www.youtube.com/starbucks\", \"website:related\"=>\"http://mystarbucksidea.force.com/\", \"contact:facebook\"=>\"http://www.facebook.com"}},
{"type":"Feature","geometry":{"type":"Point","coordinates":[-90.4428116,38.5080342]},"properties":{"osm_id":466946132,"access":"","aerialway":"","aeroway":"","amenity":"cafe","area":"","barrier":"","bicycle":"","brand":"","bridge":"","boundary":"","building":"","capital":"","covered":"","culvert":"","cutting":"","disused":"","ele":"","embankment":"","foot":"","harbour":"","highway":"","historic":"","horse":"","junction":"","landuse":"","layer":"","leisure":"","lock":"","man_made":"","military":"","motorcar":"","name":"Starbucks","natural":"","oneway":"","operator":"","poi":"","population":"","power":"","place":"","railway":"","ref":"","religion":"","route":"","service":"","shop":"","sport":"","surface":"","toll":"","tourism":"","tower_type":"","tunnel":"","water":"","waterway":"","wetland":"","width":"","wood":"","z_order":null,"tags":"\"contact:phone\"=>\"1-636-326-2437\", \"contact:twitter\"=>\"http://twitter.com/starbucks\", \"contact:website\"=>\"http://www.starbucks.com/\", \"contact:youtube\"=>\"http://www.youtube.com/starbucks\", \"website:related\"=>\"http://mystarbucksidea.force.com/\", \"contact:"}},
{"type":"Feature","geometry":{"type":"Point","coordinates":[-90.4749661,38.5686473]},"properties":{"osm_id":1747607230,"access":"","aerialway":"","aeroway":"","amenity":"cafe","area":"","barrier":"","bicycle":"","brand":"","bridge":"","boundary":"","building":"","capital":"","covered":"","culvert":"","cutting":"","disused":"","ele":"","embankment":"","foot":"","harbour":"","highway":"","historic":"","horse":"","junction":"","landuse":"","layer":"","leisure":"","lock":"","man_made":"","military":"","motorcar":"","name":"Starbucks","natural":"","oneway":"","operator":"","poi":"","population":"","power":"","place":"","railway":"","ref":"","religion":"","route":"","service":"","shop":"","sport":"","surface":"","toll":"","tourism":"","tower_type":"","tunnel":"","water":"","waterway":"","wetland":"","width":"","wood":"","z_order":null,"tags":"\"wifi\"=>\"free\", \"cuisine\"=>\"coffee_shop\", \"website\"=>\"http://www.starbucks.com\", \"addr:street\"=>\"Dougherty Ferry Road\", \"addr:postcode\"=>\"63122\", \"addr:housenumber\"=>\"2934\""}},
{"type":"Feature","geometry":{"type":"Point","coordinates":[-90.3767189,38.5068695]},"properties":{"osm_id":1798597732,"access":"","aerialway":"","aeroway":"","amenity":"cafe","area":"","barrier":"","bicycle":"","brand":"","bridge":"","boundary":"","building":"","capital":"","covered":"","culvert":"","cutting":"","disused":"","ele":"","embankment":"","foot":"","harbour":"","highway":"","historic":"","horse":"","junction":"","landuse":"","layer":"","leisure":"","lock":"","man_made":"","military":"","motorcar":"","name":"Li Yuan Chinese Restaurant","natural":"","oneway":"","operator":"","poi":"","population":"","power":"","place":"","railway":"","ref":"","religion":"","route":"","service":"","shop":"","sport":"","surface":"","toll":"","tourism":"","tower_type":"","tunnel":"","water":"","waterway":"","wetland":"","width":"","wood":"","z_order":null,"tags":""}},
{"type":"Feature","geometry":{"type":"Point","coordinates":[-90.3765407,38.5070991]},"properties":{"osm_id":767558888,"access":"","aerialway":"","aeroway":"","amenity":"cafe","area":"","barrier":"","bicycle":"","brand":"","bridge":"","boundary":"","building":"","capital":"","covered":"","culvert":"","cutting":"","disused":"","ele":"","embankment":"","foot":"","harbour":"","highway":"","historic":"","horse":"","junction":"","landuse":"","layer":"","leisure":"","lock":"","man_made":"","military":"","motorcar":"","name":"Saint Louis Bread Company","natural":"","oneway":"","operator":"","poi":"","population":"","power":"","place":"","railway":"","ref":"","religion":"","route":"","service":"","shop":"","sport":"","surface":"","toll":"","tourism":"","tower_type":"","tunnel":"","water":"","waterway":"","wetland":"","width":"","wood":"","z_order":null,"tags":""}},
{"type":"Feature","geometry":{"type":"Point","coordinates":[-90.3617779,38.5256008]},"properties":{"osm_id":767557608,"access":"","aerialway":"","aeroway":"","amenity":"cafe","area":"","barrier":"","bicycle":"","brand":"","bridge":"","boundary":"","building":"","capital":"","covered":"","culvert":"","cutting":"","disused":"","ele":"","embankment":"","foot":"","harbour":"","highway":"","historic":"","horse":"","junction":"","landuse":"","layer":"","leisure":"","lock":"","man_made":"","military":"","motorcar":"","name":"Waffle House","natural":"","oneway":"","operator":"","poi":"","population":"","power":"","place":"","railway":"","ref":"","religion":"","route":"","service":"","shop":"","sport":"","surface":"","toll":"","tourism":"","tower_type":"","tunnel":"","water":"","waterway":"","wetland":"","width":"","wood":"","z_order":null,"tags":""}},
{"type":"Feature","geometry":{"type":"Point","coordinates":[-90.352493,38.5254797]},"properties":{"osm_id":2275808418,"access":"","aerialway":"","aeroway":"","amenity":"cafe","area":"","barrier":"","bicycle":"","brand":"","bridge":"","boundary":"","building":"","capital":"","covered":"","culvert":"","cutting":"","disused":"","ele":"","embankment":"","foot":"","harbour":"","highway":"","historic":"","horse":"","junction":"","landuse":"","layer":"","leisure":"","lock":"","man_made":"","military":"","motorcar":"","name":"Manhattan Cafe","natural":"","oneway":"","operator":"","poi":"","population":"","power":"","place":"","railway":"","ref":"","religion":"","route":"","service":"","shop":"","sport":"","surface":"","toll":"","tourism":"","tower_type":"","tunnel":"","water":"","waterway":"","wetland":"","width":"","wood":"","z_order":null,"tags":"\"cuisine\"=>\"american\""}},
{"type":"Feature","geometry":{"type":"Point","coordinates":[-90.5150543,38.6247395]},"properties":{"osm_id":2611162812,"access":"","aerialway":"","aeroway":"","amenity":"cafe","area":"","barrier":"","bicycle":"","brand":"","bridge":"","boundary":"","building":"","capital":"","covered":"","culvert":"","cutting":"","disused":"","ele":"","embankment":"","foot":"","harbour":"","highway":"","historic":"","horse":"","junction":"","landuse":"","layer":"","leisure":"","lock":"","man_made":"","military":"","motorcar":"","name":"Einstein's Bagels","natural":"","oneway":"","operator":"","poi":"","population":"","power":"","place":"","railway":"","ref":"","religion":"","route":"","service":"","shop":"","sport":"","surface":"","toll":"","tourism":"","tower_type":"","tunnel":"","water":"","waterway":"","wetland":"","width":"","wood":"","z_order":null,"tags":"\"cuisine\"=>\"bagels\""}},
{"type":"Feature","geometry":{"type":"Point","coordinates":[-90.4815445,38.6265061]},"properties":{"osm_id":2092157091,"access":"","aerialway":"","aeroway":"","amenity":"cafe","area":"","barrier":"","bicycle":"","brand":"","bridge":"","boundary":"","building":"","capital":"","covered":"","culvert":"","cutting":"","disused":"","ele":"","embankment":"","foot":"","harbour":"","highway":"","historic":"","horse":"","junction":"","landuse":"","layer":"","leisure":"","lock":"","man_made":"","military":"","motorcar":"","name":"Starbucks","natural":"","oneway":"","operator":"","poi":"","population":"","power":"","place":"","railway":"","ref":"","religion":"","route":"","service":"","shop":"","sport":"","surface":"","toll":"","tourism":"","tower_type":"","tunnel":"","water":"","waterway":"","wetland":"","width":"","wood":"","z_order":null,"tags":"\"cuisine\"=>\"coffee_shop\""}},
{"type":"Feature","geometry":{"type":"Point","coordinates":[-90.4621447,38.6414759]},"properties":{"osm_id":2291906940,"access":"","aerialway":"","aeroway":"","amenity":"cafe","area":"","barrier":"","bicycle":"","brand":"","bridge":"","boundary":"","building":"","capital":"","covered":"","culvert":"","cutting":"","disused":"","ele":"","embankment":"","foot":"","harbour":"","highway":"","historic":"","horse":"","junction":"","landuse":"","layer":"","leisure":"","lock":"","man_made":"","military":"","motorcar":"","name":"The Perk","natural":"","oneway":"","operator":"","poi":"","population":"","power":"","place":"","railway":"","ref":"","religion":"","route":"","service":"","shop":"","sport":"","surface":"","toll":"","tourism":"","tower_type":"","tunnel":"","water":"","waterway":"","wetland":"","width":"","wood":"","z_order":null,"tags":"\"wifi\"=>\"free\", \"cuisine\"=>\"coffee_shop\""}},
{"type":"Feature","geometry":{"type":"Point","coordinates":[-90.4047802,38.6325725]},"properties":{"osm_id":3241972146,"access":"","aerialway":"","aeroway":"","amenity":"cafe","area":"","barrier":"","bicycle":"","brand":"","bridge":"","boundary":"","building":"","capital":"","covered":"","culvert":"","cutting":"","disused":"","ele":"","embankment":"","foot":"","harbour":"","highway":"","historic":"","horse":"","junction":"","landuse":"","layer":"","leisure":"","lock":"","man_made":"","military":"","motorcar":"","name":"Starbuck's Coffee","natural":"","oneway":"","operator":"","poi":"","population":"","power":"","place":"","railway":"","ref":"","religion":"","route":"","service":"","shop":"","sport":"","surface":"","toll":"","tourism":"","tower_type":"","tunnel":"","water":"","waterway":"","wetland":"","width":"","wood":"","z_order":null,"tags":""}},
{"type":"Feature","geometry":{"type":"Point","coordinates":[-90.390721,38.6376568]},"properties":{"osm_id":2884660993,"access":"","aerialway":"","aeroway":"","amenity":"cafe","area":"","barrier":"","bicycle":"","brand":"","bridge":"","boundary":"","building":"","capital":"","covered":"","culvert":"","cutting":"","disused":"","ele":"","embankment":"","foot":"","harbour":"","highway":"","historic":"","horse":"","junction":"","landuse":"","layer":"","leisure":"","lock":"","man_made":"","military":"","motorcar":"","name":"Deer Creek Coffee","natural":"","oneway":"","operator":"","poi":"","population":"","power":"","place":"","railway":"","ref":"","religion":"","route":"","service":"","shop":"","sport":"","surface":"","toll":"","tourism":"","tower_type":"","tunnel":"","water":"","waterway":"","wetland":"","width":"","wood":"","z_order":null,"tags":"\"phone\"=>\"(314) 262-8494\", \"cuisine\"=>\"coffee_shop\", \"website\"=>\"www.deercreekcoffee.com/\", \"addr:city\"=>\"Ladue\", \"addr:street\"=>\"Clayton Road\", \"addr:postcode\"=>\"63124\", \"opening_hours\"=>\"M-F 6am-5pm; Sa 7am-5pm; Sun 7am-4pm\", \"internet_access\"=>\"yes\","}},
{"type":"Feature","geometry":{"type":"Point","coordinates":[-90.2194889,38.4459022]},"properties":{"osm_id":2023635410,"access":"","aerialway":"","aeroway":"","amenity":"cafe","area":"","barrier":"","bicycle":"","brand":"","bridge":"","boundary":"","building":"","capital":"","covered":"","culvert":"","cutting":"","disused":"","ele":"","embankment":"","foot":"","harbour":"","highway":"","historic":"","horse":"","junction":"","landuse":"","layer":"","leisure":"","lock":"","man_made":"","military":"","motorcar":"","name":"","natural":"","oneway":"","operator":"","poi":"","population":"","power":"","place":"","railway":"","ref":"","religion":"","route":"","service":"","shop":"","sport":"","surface":"","toll":"","tourism":"","tower_type":"","tunnel":"","water":"","waterway":"","wetland":"","width":"","wood":"","z_order":null,"tags":""}},
{"type":"Feature","geometry":{"type":"Point","coordinates":[-90.3335775,38.5511968]},"properties":{"osm_id":3977331778,"access":"","aerialway":"","aeroway":"","amenity":"cafe","area":"","barrier":"","bicycle":"","brand":"","bridge":"","boundary":"","building":"","capital":"","covered":"","culvert":"","cutting":"","disused":"","ele":"","embankment":"","foot":"","harbour":"","highway":"","historic":"","horse":"","junction":"","landuse":"","layer":"","leisure":"","lock":"","man_made":"","military":"","motorcar":"","name":"Starbucks","natural":"","oneway":"","operator":"","poi":"","population":"","power":"","place":"","railway":"","ref":"","religion":"","route":"","service":"","shop":"","sport":"","surface":"","toll":"","tourism":"","tower_type":"","tunnel":"","water":"","waterway":"","wetland":"","width":"","wood":"","z_order":null,"tags":"\"phone\"=>\"314-413-2962\", \"cuisine\"=>\"coffee_shop\", \"addr:city\"=>\"Affton\", \"addr:state\"=>\"Missouri\", \"addr:street\"=>\"Gravois Road\", \"addr:postcode\"=>\"63123\", \"addr:housenumber\"=>\"10015\""}},
{"type":"Feature","geometry":{"type":"Point","coordinates":[-90.2689199,38.580263]},"properties":{"osm_id":660878789,"access":"","aerialway":"","aeroway":"","amenity":"cafe","area":"","barrier":"","bicycle":"","brand":"","bridge":"","boundary":"","building":"","capital":"","covered":"","culvert":"","cutting":"","disused":"","ele":"","embankment":"","foot":"","harbour":"","highway":"","historic":"","horse":"","junction":"","landuse":"","layer":"","leisure":"","lock":"","man_made":"","military":"","motorcar":"","name":"Berix","natural":"","oneway":"","operator":"","poi":"","population":"","power":"","place":"","railway":"","ref":"","religion":"","route":"","service":"","shop":"","sport":"","surface":"","toll":"","tourism":"","tower_type":"","tunnel":"","water":"","waterway":"","wetland":"","width":"","wood":"","z_order":null,"tags":"\"cuisine\"=>\"bosnian\""}},
{"type":"Feature","geometry":{"type":"Point","coordinates":[-90.2621935,38.5569961]},"properties":{"osm_id":2807192102,"access":"","aerialway":"","aeroway":"","amenity":"cafe","area":"","barrier":"","bicycle":"","brand":"","bridge":"","boundary":"","building":"","capital":"","covered":"","culvert":"","cutting":"","disused":"","ele":"","embankment":"","foot":"","harbour":"","highway":"","historic":"","horse":"","junction":"","landuse":"","layer":"","leisure":"","lock":"","man_made":"","military":"","motorcar":"","name":"St. Louis Bread Company","natural":"","oneway":"","operator":"","poi":"","population":"","power":"","place":"","railway":"","ref":"","religion":"","route":"","service":"","shop":"","sport":"","surface":"","toll":"","tourism":"","tower_type":"","tunnel":"","water":"","waterway":"","wetland":"","width":"","wood":"","z_order":null,"tags":""}},
{"type":"Feature","geometry":{"type":"Point","coordinates":[-90.2620862,38.5575163]},"properties":{"osm_id":2807192104,"access":"","aerialway":"","aeroway":"","amenity":"cafe","area":"","barrier":"","bicycle":"","brand":"","bridge":"","boundary":"","building":"","capital":"","covered":"","culvert":"","cutting":"","disused":"","ele":"","embankment":"","foot":"","harbour":"","highway":"","historic":"","horse":"","junction":"","landuse":"","layer":"","leisure":"","lock":"","man_made":"","military":"","motorcar":"","name":"Starbucks","natural":"","oneway":"","operator":"","poi":"","population":"","power":"","place":"","railway":"","ref":"","religion":"","route":"","service":"","shop":"","sport":"","surface":"","toll":"","tourism":"","tower_type":"","tunnel":"","water":"","waterway":"","wetland":"","width":"","wood":"","z_order":null,"tags":""}},
{"type":"Feature","geometry":{"type":"Point","coordinates":[-90.3454473,38.5908246]},"properties":{"osm_id":358069171,"access":"","aerialway":"","aeroway":"","amenity":"cafe","area":"","barrier":"","bicycle":"","brand":"","bridge":"","boundary":"","building":"","capital":"","covered":"","culvert":"","cutting":"","disused":"","ele":"173","embankment":"","foot":"","harbour":"","highway":"","historic":"","horse":"","junction":"","landuse":"","layer":"","leisure":"","lock":"","man_made":"","military":"","motorcar":"","name":"Webster University","natural":"","oneway":"","operator":"","poi":"","population":"","power":"","place":"","railway":"","ref":"","religion":"","route":"","service":"","shop":"","sport":"","surface":"","toll":"","tourism":"","tower_type":"","tunnel":"","water":"","waterway":"","wetland":"","width":"","wood":"","z_order":null,"tags":"\"addr:city\"=>\"Webster Groves\", \"addr:street\"=>\"East Lockwood Avenue\", \"gnis:created\"=>\"10/24/1980\", \"addr:postcode\"=>\"63119\", \"gnis:state_id\"=>\"29\", \"gnis:county_id\"=>\"189\", \"gnis:feature_id\"=>\"756879\", \"addr:housenumber\"=>\"470\""}},
{"type":"Feature","geometry":{"type":"Point","coordinates":[-90.3207425,38.6080705]},"properties":{"osm_id":4530879889,"access":"","aerialway":"","aeroway":"","amenity":"cafe","area":"","barrier":"","bicycle":"","brand":"","bridge":"","boundary":"","building":"","capital":"","covered":"","culvert":"","cutting":"","disused":"","ele":"","embankment":"","foot":"","harbour":"","highway":"","historic":"","horse":"","junction":"","landuse":"","layer":"","leisure":"","lock":"","man_made":"","military":"","motorcar":"","name":"Mauhaus Cat Cafe","natural":"","oneway":"","operator":"","poi":"","population":"","power":"","place":"","railway":"","ref":"","religion":"","route":"","service":"","shop":"","sport":"","surface":"","toll":"","tourism":"","tower_type":"","tunnel":"","water":"","waterway":"","wetland":"","width":"","wood":"","z_order":null,"tags":"\"name:en\"=>\"Mauhaus Cat Cafe\", \"website\"=>\"http://mauhauscafe.com/\", \"addr:street\"=>\"Sutton Boulevard\", \"addr:postcode\"=>\"63143\", \"addr:housenumber\"=>\"3101\""}},
{"type":"Feature","geometry":{"type":"Point","coordinates":[-90.3189532,38.6126712]},"properties":{"osm_id":3393209453,"access":"","aerialway":"","aeroway":"","amenity":"cafe","area":"","barrier":"","bicycle":"","brand":"","bridge":"","boundary":"","building":"","capital":"","covered":"","culvert":"","cutting":"","disused":"","ele":"","embankment":"","foot":"","harbour":"","highway":"","historic":"","horse":"","junction":"","landuse":"","layer":"","leisure":"","lock":"","man_made":"","military":"","motorcar":"","name":"La Cosecha","natural":"","oneway":"","operator":"","poi":"","population":"","power":"","place":"","railway":"","ref":"","religion":"","route":"","service":"","shop":"","sport":"","surface":"","toll":"","tourism":"","tower_type":"","tunnel":"","water":"","waterway":"","wetland":"","width":"","wood":"","z_order":null,"tags":"\"cuisine\"=>\"coffee_shop\", \"addr:city\"=>\"Maplewood\", \"addr:state\"=>\"MO\", \"addr:street\"=>\"Manchester Road\", \"addr:postcode\"=>\"63143\", \"addr:housenumber\"=>\"7630\""}},
{"type":"Feature","geometry":{"type":"Point","coordinates":[-90.3197343,38.6156032]},"properties":{"osm_id":3393209454,"access":"","aerialway":"","aeroway":"","amenity":"cafe","area":"","barrier":"","bicycle":"","brand":"","bridge":"","boundary":"","building":"","capital":"","covered":"","culvert":"","cutting":"","disused":"","ele":"","embankment":"","foot":"","harbour":"","highway":"","historic":"","horse":"","junction":"","landuse":"","layer":"","leisure":"","lock":"","man_made":"","military":"","motorcar":"","name":"Stone Spiral","natural":"","oneway":"","operator":"","poi":"","population":"","power":"","place":"","railway":"","ref":"","religion":"","route":"","service":"","shop":"","sport":"","surface":"","toll":"","tourism":"","tower_type":"","tunnel":"","water":"","waterway":"","wetland":"","width":"","wood":"","z_order":null,"tags":"\"cuisine\"=>\"coffee_shop\", \"addr:city\"=>\"Maplewood\", \"addr:state\"=>\"MO\", \"addr:street\"=>\"Sutton Boulevard\", \"addr:postcode\"=>\"63143\", \"internet_access\"=>\"yes\", \"addr:housenumber\"=>\"2500\""}},
{"type":"Feature","geometry":{"type":"Point","coordinates":[-90.2721405,38.5925427]},"properties":{"osm_id":2849350487,"access":"","aerialway":"","aeroway":"","amenity":"cafe","area":"","barrier":"","bicycle":"","brand":"","bridge":"","boundary":"","building":"","capital":"","covered":"","culvert":"","cutting":"","disused":"","ele":"","embankment":"","foot":"","harbour":"","highway":"","historic":"","horse":"","junction":"","landuse":"","layer":"","leisure":"","lock":"","man_made":"","military":"","motorcar":"","name":"Starbucks","natural":"","oneway":"","operator":"","poi":"","population":"","power":"","place":"","railway":"","ref":"","religion":"","route":"","service":"","shop":"","sport":"","surface":"","toll":"","tourism":"","tower_type":"","tunnel":"","water":"","waterway":"","wetland":"","width":"","wood":"","z_order":null,"tags":"\"cuisine\"=>\"coffee_shop\", \"wheelchair\"=>\"yes\""}},
{"type":"Feature","geometry":{"type":"Point","coordinates":[-90.2722052,38.6180543]},"properties":{"osm_id":4809984826,"access":"","aerialway":"","aeroway":"","amenity":"cafe","area":"","barrier":"","bicycle":"","brand":"","bridge":"","boundary":"","building":"","capital":"","covered":"","culvert":"","cutting":"","disused":"","ele":"","embankment":"","foot":"","harbour":"","highway":"","historic":"","horse":"","junction":"","landuse":"","layer":"","leisure":"","lock":"","man_made":"","military":"","motorcar":"","name":"Shaw's Coffee","natural":"","oneway":"","operator":"","poi":"","population":"","power":"","place":"","railway":"","ref":"","religion":"","route":"","service":"","shop":"","sport":"","surface":"","toll":"","tourism":"","tower_type":"","tunnel":"","water":"","waterway":"","wetland":"","width":"","wood":"","z_order":null,"tags":"\"cuisine\"=>\"coffee_shop\", \"website\"=>\"shawcoffee.com\", \"addr:city\"=>\"St. Louis\", \"addr:state\"=>\"MO\", \"addr:street\"=>\"Shaw Avenue\", \"addr:postcode\"=>\"63110\", \"opening_hours\"=>\"Open Monday through Saturday 7 to 6, closed on Sunday\", \"internet_access\"=>\"yes"}},
{"type":"Feature","geometry":{"type":"Point","coordinates":[-90.3381594,38.6498824]},"properties":{"osm_id":2862713570,"access":"","aerialway":"","aeroway":"","amenity":"cafe","area":"","barrier":"","bicycle":"","brand":"","bridge":"","boundary":"","building":"","capital":"","covered":"","culvert":"","cutting":"","disused":"","ele":"","embankment":"","foot":"","harbour":"","highway":"","historic":"","horse":"","junction":"","landuse":"","layer":"","leisure":"","lock":"","man_made":"","military":"","motorcar":"","name":"Panera Cares Community Cafe","natural":"","oneway":"","operator":"","poi":"","population":"","power":"","place":"","railway":"","ref":"","religion":"","route":"","service":"","shop":"","sport":"","surface":"","toll":"","tourism":"","tower_type":"","tunnel":"","water":"","waterway":"","wetland":"","width":"","wood":"","z_order":null,"tags":"\"phone\"=>\"+1 314 725 9666\", \"cuisine\"=>\"american\", \"website\"=>\"http://paneracares.org/locations/\", \"addr:city\"=>\"Clayton\", \"addr:state\"=>\"MO\", \"addr:street\"=>\"South Central Avenue\", \"addr:postcode\"=>\"63105\", \"opening_hours\"=>\"07:00-16:00\", \"internet_acce"}},
{"type":"Feature","geometry":{"type":"Point","coordinates":[-90.3076405,38.6386265]},"properties":{"osm_id":3393209456,"access":"","aerialway":"","aeroway":"","amenity":"cafe","area":"","barrier":"","bicycle":"","brand":"","bridge":"","boundary":"","building":"","capital":"","covered":"","culvert":"","cutting":"","disused":"","ele":"","embankment":"","foot":"","harbour":"","highway":"","historic":"","horse":"","junction":"","landuse":"","layer":"","leisure":"","lock":"","man_made":"","military":"","motorcar":"","name":"Kaldi's","natural":"","oneway":"","operator":"","poi":"","population":"","power":"","place":"","railway":"","ref":"","religion":"","route":"","service":"","shop":"","sport":"","surface":"","toll":"","tourism":"","tower_type":"","tunnel":"","water":"","waterway":"","wetland":"","width":"","wood":"","z_order":null,"tags":"\"cuisine\"=>\"coffee_shop\", \"addr:city\"=>\"Clayton\", \"addr:state\"=>\"MO\", \"addr:street\"=>\"De Mun Avenue\", \"addr:housenumber\"=>\"700\""}},
{"type":"Feature","geometry":{"type":"Point","coordinates":[-90.3079019,38.6564003]},"properties":{"osm_id":3191102363,"access":"","aerialway":"","aeroway":"","amenity":"cafe","area":"","barrier":"","bicycle":"","brand":"","bridge":"","boundary":"","building":"","capital":"","covered":"","culvert":"","cutting":"","disused":"","ele":"","embankment":"","foot":"","harbour":"","highway":"","historic":"","horse":"","junction":"","landuse":"","layer":"","leisure":"","lock":"","man_made":"","military":"","motorcar":"","name":"Bubble Tea","natural":"","oneway":"","operator":"","poi":"","population":"","power":"","place":"","railway":"","ref":"","religion":"","route":"","service":"","shop":"","sport":"","surface":"","toll":"","tourism":"","tower_type":"","tunnel":"","water":"","waterway":"","wetland":"","width":"","wood":"","z_order":null,"tags":""}},
{"type":"Feature","geometry":{"type":"Point","coordinates":[-90.3004478,38.6495713]},"properties":{"osm_id":692717006,"access":"","aerialway":"","aeroway":"","amenity":"cafe","area":"","barrier":"","bicycle":"","brand":"","bridge":"","boundary":"","building":"","capital":"","covered":"","culvert":"","cutting":"","disused":"","ele":"","embankment":"","foot":"","harbour":"","highway":"","historic":"","horse":"","junction":"","landuse":"","layer":"","leisure":"","lock":"","man_made":"","military":"","motorcar":"","name":"Kayak's Coffee","natural":"","oneway":"","operator":"","poi":"","population":"","power":"","place":"","railway":"","ref":"","religion":"","route":"","service":"","shop":"","sport":"","surface":"","toll":"","tourism":"","tower_type":"","tunnel":"","water":"","waterway":"","wetland":"","width":"","wood":"","z_order":null,"tags":"\"cuisine\"=>\"coffee_shop\", \"smoking\"=>\"outside\", \"capacity\"=>\"96\", \"wheelchair\"=>\"yes\", \"opening_hours\"=>\"Mo-Su 06:30-22:00 open, Mo-Su 06:30-21:00 open \\\"kitchen\\\"\", \"toilets:wheelchair\"=>\"yes\""}},
{"type":"Feature","geometry":{"type":"Point","coordinates":[-90.2836967,38.6440043]},"properties":{"osm_id":4763054243,"access":"","aerialway":"","aeroway":"","amenity":"cafe","area":"","barrier":"","bicycle":"","brand":"","bridge":"","boundary":"","building":"","capital":"","covered":"","culvert":"","cutting":"","disused":"","ele":"","embankment":"","foot":"","harbour":"","highway":"","historic":"","horse":"","junction":"","landuse":"","layer":"","leisure":"","lock":"","man_made":"","military":"","motorcar":"","name":"Forest Perk Cafe","natural":"","oneway":"","operator":"","poi":"","population":"","power":"","place":"","railway":"","ref":"","religion":"","route":"","service":"","shop":"","sport":"","surface":"","toll":"","tourism":"","tower_type":"","tunnel":"","water":"","waterway":"","wetland":"","width":"","wood":"","z_order":null,"tags":""}},
{"type":"Feature","geometry":{"type":"Point","coordinates":[-90.2745264,38.6474542]},"properties":{"osm_id":4372144910,"access":"","aerialway":"","aeroway":"","amenity":"cafe","area":"","barrier":"","bicycle":"","brand":"","bridge":"","boundary":"","building":"","capital":"","covered":"","culvert":"","cutting":"","disused":"","ele":"","embankment":"","foot":"","harbour":"","highway":"","historic":"","horse":"","junction":"","landuse":"","layer":"","leisure":"","lock":"","man_made":"","military":"","motorcar":"","name":"2Schae Cafe","natural":"","oneway":"","operator":"","poi":"","population":"","power":"","place":"","railway":"","ref":"","religion":"","route":"","service":"","shop":"","sport":"","surface":"","toll":"","tourism":"","tower_type":"","tunnel":"","water":"","waterway":"","wetland":"","width":"","wood":"","z_order":null,"tags":"\"phone\"=>\"(314) 361-5333\", \"cuisine\"=>\"coffee_shop\", \"smoking\"=>\"no\", \"website\"=>\"http://www.2schaecafe.com\", \"addr:city\"=>\"St. Louis\", \"addr:state\"=>\"MO\", \"wheelchair\"=>\"yes\", \"addr:street\"=>\"Union Boulevard\", \"addr:postcode\"=>\"63108\", \"opening_hours\"=>"}},
{"type":"Feature","geometry":{"type":"Point","coordinates":[-90.3061844,38.6562498]},"properties":{"osm_id":1789388500,"access":"","aerialway":"","aeroway":"","amenity":"cafe","area":"","barrier":"","bicycle":"","brand":"","bridge":"","boundary":"","building":"","capital":"","covered":"","culvert":"","cutting":"","disused":"","ele":"","embankment":"","foot":"","harbour":"","highway":"","historic":"","horse":"","junction":"","landuse":"","layer":"","leisure":"","lock":"","man_made":"","military":"","motorcar":"","name":"Starbucks","natural":"","oneway":"","operator":"","poi":"","population":"","power":"","place":"","railway":"","ref":"","religion":"","route":"","service":"","shop":"","sport":"","surface":"","toll":"","tourism":"","tower_type":"","tunnel":"","water":"","waterway":"","wetland":"","width":"","wood":"","z_order":null,"tags":"\"cuisine\"=>\"coffee_shop\", \"smoking\"=>\"no\", \"website\"=>\"http://www.starbucks.com/\", \"opening_hours\"=>\"Mo-Fr 05:00-22:00; Sa-Su 06:00-22:00\""}},
{"type":"Feature","geometry":{"type":"Point","coordinates":[-90.3023513,38.6558272]},"properties":{"osm_id":3191088170,"access":"","aerialway":"","aeroway":"","amenity":"cafe","area":"","barrier":"","bicycle":"","brand":"","bridge":"","boundary":"","building":"","capital":"","covered":"","culvert":"","cutting":"","disused":"","ele":"","embankment":"","foot":"","harbour":"","highway":"","historic":"","horse":"","junction":"","landuse":"","layer":"","leisure":"","lock":"","man_made":"","military":"","motorcar":"","name":"Meshuggah","natural":"","oneway":"","operator":"","poi":"","population":"","power":"","place":"","railway":"","ref":"","religion":"","route":"","service":"","shop":"","sport":"","surface":"","toll":"","tourism":"","tower_type":"","tunnel":"","water":"","waterway":"","wetland":"","width":"","wood":"","z_order":null,"tags":""}},
{"type":"Feature","geometry":{"type":"Point","coordinates":[-90.3018101,38.6557874]},"properties":{"osm_id":557060207,"access":"","aerialway":"","aeroway":"","amenity":"cafe","area":"","barrier":"","bicycle":"","brand":"","bridge":"","boundary":"","building":"","capital":"","covered":"","culvert":"","cutting":"","disused":"","ele":"","embankment":"","foot":"","harbour":"","highway":"","historic":"","horse":"","junction":"","landuse":"","layer":"","leisure":"","lock":"","man_made":"","military":"","motorcar":"","name":"Meshuggah Cafe","natural":"","oneway":"","operator":"","poi":"","population":"","power":"","place":"","railway":"","ref":"","religion":"","route":"","service":"","shop":"","sport":"","surface":"","toll":"","tourism":"","tower_type":"","tunnel":"","water":"","waterway":"","wetland":"","width":"","wood":"","z_order":null,"tags":"\"wifi\"=>\"free\", \"cuisine\"=>\"coffee_shop\", \"wheelchair\"=>\"yes\", \"addr:street\"=>\"Delmar Blvd.\", \"addr:postcode\"=>\"63130\", \"addr:housenumber\"=>\"6269\", \"toilets:wheelchair\"=>\"no\""}},
{"type":"Feature","geometry":{"type":"Point","coordinates":[-90.3006178,38.6556738]},"properties":{"osm_id":3189050730,"access":"","aerialway":"","aeroway":"","amenity":"cafe","area":"","barrier":"","bicycle":"","brand":"","bridge":"","boundary":"","building":"","capital":"","covered":"","culvert":"","cutting":"","disused":"","ele":"","embankment":"","foot":"","harbour":"","highway":"","historic":"","horse":"","junction":"","landuse":"","layer":"","leisure":"","lock":"","man_made":"","military":"","motorcar":"","name":"Blueprint Coffee","natural":"","oneway":"","operator":"","poi":"","population":"","power":"","place":"","railway":"","ref":"","religion":"","route":"","service":"","shop":"","sport":"","surface":"","toll":"","tourism":"","tower_type":"","tunnel":"","water":"","waterway":"","wetland":"","width":"","wood":"","z_order":null,"tags":"\"cuisine\"=>\"coffee_shop\""}},
{"type":"Feature","geometry":{"type":"Point","coordinates":[-90.2426842,38.6026902]},"properties":{"osm_id":3501147741,"access":"","aerialway":"","aeroway":"","amenity":"cafe","area":"","barrier":"","bicycle":"","brand":"","bridge":"","boundary":"","building":"","capital":"","covered":"","culvert":"","cutting":"","disused":"","ele":"","embankment":"","foot":"","harbour":"","highway":"","historic":"","horse":"","junction":"","landuse":"","layer":"","leisure":"","lock":"","man_made":"","military":"","motorcar":"","name":"Mokabe's Coffeehouse","natural":"","oneway":"","operator":"","poi":"","population":"","power":"","place":"","railway":"","ref":"","religion":"","route":"","service":"","shop":"","sport":"","surface":"","toll":"","tourism":"","tower_type":"","tunnel":"","water":"","waterway":"","wetland":"","width":"","wood":"","z_order":null,"tags":"\"phone\"=>\"(314) 865-2009\", \"cuisine\"=>\"coffee_shop\", \"website\"=>\"www.mokabes.com\", \"addr:city\"=>\"st. Louis\", \"addr:state\"=>\"Missouri\", \"wheelchair\"=>\"yes\", \"addr:street\"=>\"Arsenal Street\", \"addr:postcode\"=>\"63116\", \"opening_hours\"=>\"MON — SAT 8 AM-12 A"}},
{"type":"Feature","geometry":{"type":"Point","coordinates":[-90.2263243,38.5935456]},"properties":{"osm_id":4790140321,"access":"","aerialway":"","aeroway":"","amenity":"cafe","area":"","barrier":"","bicycle":"","brand":"","bridge":"","boundary":"","building":"","capital":"","covered":"","culvert":"","cutting":"","disused":"","ele":"","embankment":"","foot":"","harbour":"","highway":"","historic":"","horse":"","junction":"","landuse":"","layer":"","leisure":"","lock":"","man_made":"","military":"","motorcar":"","name":"Teatopia","natural":"","oneway":"","operator":"","poi":"","population":"","power":"","place":"","railway":"","ref":"","religion":"","route":"","service":"","shop":"","sport":"","surface":"","toll":"","tourism":"","tower_type":"","tunnel":"","water":"","waterway":"","wetland":"","width":"","wood":"","z_order":null,"tags":"\"phone\"=>\"(314) 669-1464\", \"website\"=>\"http://www.teatopiastl.com/\", \"addr:city\"=>\"St. Louis\", \"wheelchair\"=>\"yes\", \"addr:street\"=>\"Cherokee Street\", \"addr:postcode\"=>\"63118\", \"addr:housenumber\"=>\"2619 1/2\""}},
{"type":"Feature","geometry":{"type":"Point","coordinates":[-90.2516371,38.6104966]},"properties":{"osm_id":2862733162,"access":"","aerialway":"","aeroway":"","amenity":"cafe","area":"","barrier":"","bicycle":"","brand":"","bridge":"","boundary":"","building":"","capital":"","covered":"","culvert":"","cutting":"","disused":"","ele":"","embankment":"","foot":"","harbour":"","highway":"","historic":"","horse":"","junction":"","landuse":"","layer":"","leisure":"","lock":"","man_made":"","military":"","motorcar":"","name":"Restituo","natural":"","oneway":"","operator":"","poi":"","population":"","power":"","place":"","railway":"","ref":"","religion":"","route":"","service":"","shop":"","sport":"","surface":"","toll":"","tourism":"","tower_type":"","tunnel":"","water":"","waterway":"","wetland":"","width":"","wood":"","z_order":null,"tags":"\"cuisine\"=>\"coffee_shop\", \"addr:city\"=>\"St. Louis\", \"addr:street\"=>\"Shenandoah Avenue\", \"addr:postcode\"=>\"63110\", \"opening_hours\"=>\"Mo-We 07:00-15:00; Th-Fr 07:00-19:00; Sa 09:00-17:00\", \"addr:housenumber\"=>\"4100\""}},
{"type":"Feature","geometry":{"type":"Point","coordinates":[-90.2460393,38.6117206]},"properties":{"osm_id":2862721966,"access":"","aerialway":"","aeroway":"","amenity":"cafe","area":"","barrier":"","bicycle":"","brand":"","bridge":"","boundary":"","building":"","capital":"","covered":"","culvert":"","cutting":"","disused":"","ele":"","embankment":"","foot":"","harbour":"","highway":"","historic":"","horse":"","junction":"","landuse":"","layer":"","leisure":"","lock":"","man_made":"","military":"","motorcar":"","name":"Sweet Art","natural":"","oneway":"","operator":"","poi":"","population":"","power":"","place":"","railway":"","ref":"","religion":"","route":"","service":"","shop":"","sport":"","surface":"","toll":"","tourism":"","tower_type":"","tunnel":"","water":"","waterway":"","wetland":"","width":"","wood":"","z_order":null,"tags":"\"cuisine\"=>\"vegan\", \"website\"=>\"http://sweetartstl.com/index2.php\", \"addr:city\"=>\"St. Louis\", \"addr:street\"=>\"South 39th Street\", \"addr:postcode\"=>\"63110\", \"opening_hours\"=>\"Tues-Fri 9-6; Sat 9-5\", \"internet_access\"=>\"yes\", \"addr:housenumber\"=>\"2203\""}},
{"type":"Feature","geometry":{"type":"Point","coordinates":[-90.2334721,38.6091271]},"properties":{"osm_id":3393209457,"access":"","aerialway":"","aeroway":"","amenity":"cafe","area":"","barrier":"","bicycle":"","brand":"","bridge":"","boundary":"","building":"","capital":"","covered":"","culvert":"","cutting":"","disused":"","ele":"","embankment":"","foot":"","harbour":"","highway":"","historic":"","horse":"","junction":"","landuse":"","layer":"","leisure":"","lock":"","man_made":"","military":"","motorcar":"","name":"Kitchen House Coffee","natural":"","oneway":"","operator":"","poi":"","population":"","power":"","place":"","railway":"","ref":"","religion":"","route":"","service":"","shop":"","sport":"","surface":"","toll":"","tourism":"","tower_type":"","tunnel":"","water":"","waterway":"","wetland":"","width":"","wood":"","z_order":null,"tags":"\"cuisine\"=>\"coffee_shop\", \"website\"=>\"http://kitchenhousecoffee.com/\", \"addr:city\"=>\"St. Louis\", \"addr:state\"=>\"MO\", \"addr:street\"=>\"Shenandoah Avenue\", \"addr:housenumber\"=>\"3149\""}},
{"type":"Feature","geometry":{"type":"Point","coordinates":[-90.2353014,38.6219834]},"properties":{"osm_id":3393209458,"access":"","aerialway":"","aeroway":"","amenity":"cafe","area":"","barrier":"","bicycle":"","brand":"","bridge":"","boundary":"","building":"","capital":"","covered":"","culvert":"","cutting":"","disused":"","ele":"","embankment":"","foot":"","harbour":"","highway":"","historic":"","horse":"","junction":"","landuse":"","layer":"","leisure":"","lock":"","man_made":"","military":"","motorcar":"","name":"Crave Coffee House","natural":"","oneway":"","operator":"","poi":"","population":"","power":"","place":"","railway":"","ref":"","religion":"","route":"","service":"","shop":"","sport":"","surface":"","toll":"","tourism":"","tower_type":"","tunnel":"","water":"","waterway":"","wetland":"","width":"","wood":"","z_order":null,"tags":"\"cuisine\"=>\"coffee_shop\", \"website\"=>\"http://cravestl.org/\", \"addr:city\"=>\"St. Louis\", \"addr:state\"=>\"MO\", \"addr:street\"=>\"Caroline Street\", \"addr:housenumber\"=>\"3500\""}},
{"type":"Feature","geometry":{"type":"Point","coordinates":[-90.212862,38.6174254]},"properties":{"osm_id":3393214223,"access":"","aerialway":"","aeroway":"","amenity":"cafe","area":"","barrier":"","bicycle":"","brand":"","bridge":"","boundary":"","building":"","capital":"","covered":"","culvert":"","cutting":"","disused":"","ele":"","embankment":"","foot":"","harbour":"","highway":"","historic":"","horse":"","junction":"","landuse":"","layer":"","leisure":"","lock":"","man_made":"","military":"","motorcar":"","name":"Park Ave","natural":"","oneway":"","operator":"","poi":"","population":"","power":"","place":"","railway":"","ref":"","religion":"","route":"","service":"","shop":"","sport":"","surface":"","toll":"","tourism":"","tower_type":"","tunnel":"","water":"","waterway":"","wetland":"","width":"","wood":"","z_order":null,"tags":"\"cuisine\"=>\"coffee_shop\", \"website\"=>\"http://parkavenuecoffee.com/\", \"addr:city\"=>\"st. louis\", \"addr:state\"=>\"MO\", \"addr:street\"=>\"Park Avenue\", \"internet_access\"=>\"yes\", \"addr:housenumber\"=>\"1919\""}},
{"type":"Feature","geometry":{"type":"Point","coordinates":[-90.1882806,38.6259961]},"properties":{"osm_id":4410961609,"access":"","aerialway":"","aeroway":"","amenity":"cafe","area":"","barrier":"","bicycle":"","brand":"","bridge":"","boundary":"","building":"","capital":"","covered":"","culvert":"","cutting":"","disused":"","ele":"","embankment":"","foot":"","harbour":"","highway":"","historic":"","horse":"","junction":"","landuse":"","layer":"","leisure":"","lock":"","man_made":"","military":"","motorcar":"","name":"Starbucks","natural":"","oneway":"","operator":"","poi":"","population":"","power":"","place":"","railway":"","ref":"","religion":"","route":"","service":"","shop":"","sport":"","surface":"","toll":"","tourism":"","tower_type":"","tunnel":"","water":"","waterway":"","wetland":"","width":"","wood":"","z_order":null,"tags":"\"addr:city\"=>\"St Louis\", \"addr:state\"=>\"MO\", \"addr:street\"=>\"Chestnut Street\", \"addr:postcode\"=>\"63102\", \"addr:housenumber\"=>\"315\""}},
{"type":"Feature","geometry":{"type":"Point","coordinates":[-90.2421693,38.6379326]},"properties":{"osm_id":2884655463,"access":"","aerialway":"","aeroway":"","amenity":"cafe","area":"","barrier":"","bicycle":"","brand":"","bridge":"","boundary":"","building":"","capital":"","covered":"","culvert":"","cutting":"","disused":"","ele":"","embankment":"","foot":"","harbour":"","highway":"","historic":"","horse":"","junction":"","landuse":"","layer":"","leisure":"","lock":"","man_made":"","military":"","motorcar":"","name":"Cafe Ventana","natural":"","oneway":"","operator":"","poi":"","population":"","power":"","place":"","railway":"","ref":"","religion":"","route":"","service":"","shop":"","sport":"","surface":"","toll":"","tourism":"","tower_type":"","tunnel":"","water":"","waterway":"","wetland":"","width":"","wood":"","z_order":null,"tags":"\"phone\"=>\"+1 314 531 7500\", \"cuisine\"=>\"american\", \"website\"=>\"http://cafeventana.com/\", \"addr:city\"=>\"St. Louis\", \"addr:street\"=>\"West Pine Boulevard\", \"addr:postcode\"=>\"63108\", \"opening_hours\"=>\"07:00-22:00\", \"internet_access\"=>\"yes\", \"addr:housenumber"}},
{"type":"Feature","geometry":{"type":"Point","coordinates":[-90.2616566,38.6446224]},"properties":{"osm_id":3429705314,"access":"","aerialway":"","aeroway":"","amenity":"cafe","area":"","barrier":"","bicycle":"","brand":"","bridge":"","boundary":"","building":"","capital":"","covered":"","culvert":"","cutting":"","disused":"","ele":"","embankment":"","foot":"","harbour":"","highway":"","historic":"","horse":"","junction":"","landuse":"","layer":"","leisure":"","lock":"","man_made":"","military":"","motorcar":"","name":"Coffee Cartel","natural":"","oneway":"","operator":"","poi":"","population":"","power":"","place":"","railway":"","ref":"","religion":"","route":"","service":"","shop":"","sport":"","surface":"","toll":"","tourism":"","tower_type":"","tunnel":"","water":"","waterway":"","wetland":"","width":"","wood":"","z_order":null,"tags":""}},
{"type":"Feature","geometry":{"type":"Point","coordinates":[-90.2340705,38.6326288]},"properties":{"osm_id":2873865905,"access":"","aerialway":"","aeroway":"","amenity":"cafe","area":"","barrier":"","bicycle":"","brand":"","bridge":"","boundary":"","building":"","capital":"","covered":"","culvert":"","cutting":"","disused":"","ele":"","embankment":"","foot":"","harbour":"","highway":"","historic":"","horse":"","junction":"","landuse":"","layer":"","leisure":"","lock":"","man_made":"","military":"","motorcar":"","name":"Starbucks","natural":"","oneway":"","operator":"","poi":"","population":"","power":"","place":"","railway":"","ref":"","religion":"","route":"","service":"","shop":"","sport":"","surface":"","toll":"","tourism":"","tower_type":"","tunnel":"","water":"","waterway":"","wetland":"","width":"","wood":"","z_order":null,"tags":"\"cuisine\"=>\"coffee_shop\", \"addr:city\"=>\"St. Louis\", \"addr:street\"=>\"South Grand Boulelvard\", \"addr:postcode\"=>\"63103\", \"opening_hours\"=>\"Mo-Th 05:00-22:00; Fr 05:00-23:00; Sa 05:30-23:00; Su 05:30-22:00\", \"internet_access\"=>\"yes\", \"addr:housenumber\"=>\"21"}},
{"type":"Feature","geometry":{"type":"Point","coordinates":[-90.2383071,38.635243]},"properties":{"osm_id":4712645018,"access":"","aerialway":"","aeroway":"","amenity":"cafe","area":"","barrier":"","bicycle":"","brand":"","bridge":"","boundary":"","building":"","capital":"","covered":"","culvert":"","cutting":"","disused":"","ele":"","embankment":"","foot":"","harbour":"","highway":"","historic":"","horse":"","junction":"","landuse":"","layer":"","leisure":"","lock":"","man_made":"","military":"","motorcar":"","name":"Pickleman's Gourmet Cafe","natural":"","oneway":"","operator":"","poi":"","population":"","power":"","place":"","railway":"","ref":"","religion":"","route":"","service":"","shop":"","sport":"","surface":"","toll":"","tourism":"","tower_type":"","tunnel":"","water":"","waterway":"","wetland":"","width":"","wood":"","z_order":null,"tags":""}},
{"type":"Feature","geometry":{"type":"Point","coordinates":[-90.2286083,38.6367406]},"properties":{"osm_id":2123864607,"access":"","aerialway":"","aeroway":"","amenity":"cafe","area":"","barrier":"","bicycle":"","brand":"","bridge":"","boundary":"","building":"","capital":"","covered":"","culvert":"","cutting":"","disused":"","ele":"","embankment":"","foot":"","harbour":"","highway":"","historic":"","horse":"","junction":"","landuse":"","layer":"","leisure":"","lock":"","man_made":"","military":"","motorcar":"","name":"Café Pintxos","natural":"","oneway":"","operator":"","poi":"","population":"","power":"","place":"","railway":"","ref":"","religion":"","route":"","service":"","shop":"","sport":"","surface":"","toll":"","tourism":"","tower_type":"","tunnel":"","water":"","waterway":"","wetland":"","width":"","wood":"","z_order":null,"tags":"\"email\"=>\"info@cafepintxos.com\", \"phone\"=>\"(314) 338-2500\", \"website\"=>\"http://www.cafepintxos.com/\", \"opening_hours\"=>\"Mo-Sa 7:00-20:00; Su 16:00-20:00\""}},
{"type":"Feature","geometry":{"type":"Point","coordinates":[-90.1984569,38.6309308]},"properties":{"osm_id":2621253642,"access":"","aerialway":"","aeroway":"","amenity":"cafe","area":"","barrier":"","bicycle":"","brand":"","bridge":"","boundary":"","building":"","capital":"","covered":"","culvert":"","cutting":"","disused":"","ele":"","embankment":"","foot":"","harbour":"","highway":"","historic":"","horse":"","junction":"","landuse":"","layer":"","leisure":"","lock":"","man_made":"","military":"","motorcar":"","name":"Cafe di Organo","natural":"","oneway":"","operator":"","poi":"","population":"","power":"","place":"","railway":"","ref":"","religion":"","route":"","service":"","shop":"","sport":"","surface":"","toll":"","tourism":"","tower_type":"","tunnel":"","water":"","waterway":"","wetland":"","width":"","wood":"","z_order":null,"tags":"\"cuisine\"=>\"coffee_shop\", \"addr:city\"=>\"St. Louis\", \"addr:street\"=>\"Locust Street\", \"addr:postcode\"=>\"63103\", \"opening_hours\"=>\"M-F 7:30 AM-6:00 PM, Sat 9AM-3PM\", \"internet_access\"=>\"yes\", \"payment:bitcoin\"=>\"yes\", \"addr:housenumber\"=>\"1221\""}},
{"type":"Feature","geometry":{"type":"Point","coordinates":[-90.1994052,38.6321801]},"properties":{"osm_id":2123502253,"access":"","aerialway":"","aeroway":"","amenity":"cafe","area":"","barrier":"","bicycle":"","brand":"","bridge":"","boundary":"","building":"","capital":"","covered":"","culvert":"","cutting":"","disused":"","ele":"","embankment":"","foot":"","harbour":"","highway":"","historic":"","horse":"","junction":"","landuse":"","layer":"","leisure":"","lock":"","man_made":"","military":"","motorcar":"","name":"Nara Cafe & Hookah Lounge","natural":"","oneway":"","operator":"","poi":"","population":"","power":"","place":"","railway":"","ref":"","religion":"","route":"","service":"","shop":"","sport":"","surface":"","toll":"","tourism":"","tower_type":"","tunnel":"","water":"","waterway":"","wetland":"","width":"","wood":"","z_order":null,"tags":"\"email\"=>\"naracafe@sbcglobal.net\", \"phone\"=>\"314.588 0051\", \"website\"=>\"www.naracafestl.com\""}},
{"type":"Feature","geometry":{"type":"Point","coordinates":[-90.1988755,38.6323588]},"properties":{"osm_id":2123502275,"access":"","aerialway":"","aeroway":"","amenity":"cafe","area":"","barrier":"","bicycle":"","brand":"","bridge":"","boundary":"","building":"","capital":"","covered":"","culvert":"","cutting":"","disused":"","ele":"","embankment":"","foot":"","harbour":"","highway":"","historic":"","horse":"","junction":"","landuse":"","layer":"","leisure":"","lock":"","man_made":"","military":"","motorcar":"","name":"The Washington Ave Post","natural":"","oneway":"","operator":"","poi":"","population":"","power":"","place":"","railway":"","ref":"","religion":"","route":"","service":"","shop":"","sport":"","surface":"","toll":"","tourism":"","tower_type":"","tunnel":"","water":"","waterway":"","wetland":"","width":"","wood":"","z_order":null,"tags":"\"email\"=>\"info@washingtonavepost.com\", \"website\"=>\"http://washingtonavepost.com/\", \"addr:city\"=>\"St. Louis-City\", \"addr:state\"=>\"MO\", \"wheelchair\"=>\"yes\", \"addr:street\"=>\"Washington Avenue\", \"opening_hours\"=>\"Su 9:00-21:00; Mo-We 7:00-21:00; Th-Fr 7:00-1"}},
{"type":"Feature","geometry":{"type":"Point","coordinates":[-90.1942872,38.6303873]},"properties":{"osm_id":2122879258,"access":"","aerialway":"","aeroway":"","amenity":"cafe","area":"","barrier":"","bicycle":"","brand":"","bridge":"","boundary":"","building":"","capital":"","covered":"","culvert":"","cutting":"","disused":"","ele":"","embankment":"","foot":"","harbour":"","highway":"","historic":"","horse":"","junction":"","landuse":"","layer":"","leisure":"","lock":"","man_made":"","military":"","motorcar":"","name":"Park Avenue Coffee","natural":"","oneway":"","operator":"","poi":"","population":"","power":"","place":"","railway":"","ref":"","religion":"","route":"","service":"","shop":"","sport":"","surface":"","toll":"","tourism":"","tower_type":"","tunnel":"","water":"","waterway":"","wetland":"","width":"","wood":"","z_order":null,"tags":"\"phone\"=>\"(314) 231-5282\", \"website\"=>\"http://parkavenuecoffee.com\", \"addr:city\"=>\"St. Louis-City\", \"addr:state\"=>\"MO\", \"addr:street\"=>\"North 10th Street\", \"opening_hours\"=>\"Mo-Sa 7:00-18:00; Su 7:30-18:00\", \"addr:housenumber\"=>\"417\""}},
{"type":"Feature","geometry":{"type":"Point","coordinates":[-90.1900075,38.6280802]},"properties":{"osm_id":3180141913,"access":"","aerialway":"","aeroway":"","amenity":"cafe","area":"","barrier":"","bicycle":"","brand":"","bridge":"","boundary":"","building":"","capital":"","covered":"","culvert":"","cutting":"","disused":"","ele":"","embankment":"","foot":"","harbour":"","highway":"","historic":"","horse":"","junction":"","landuse":"","layer":"","leisure":"","lock":"","man_made":"","military":"","motorcar":"","name":"Starbucks","natural":"","oneway":"","operator":"","poi":"","population":"","power":"","place":"","railway":"","ref":"","religion":"","route":"","service":"","shop":"","sport":"","surface":"","toll":"","tourism":"","tower_type":"","tunnel":"","water":"","waterway":"","wetland":"","width":"","wood":"","z_order":null,"tags":"\"wifi\"=>\"yes\", \"cuisine\"=>\"coffee_shop\""}},
{"type":"Feature","geometry":{"type":"Point","coordinates":[-90.1917878,38.6306064]},"properties":{"osm_id":2867779380,"access":"","aerialway":"","aeroway":"","amenity":"cafe","area":"","barrier":"","bicycle":"","brand":"","bridge":"","boundary":"","building":"","capital":"","covered":"","culvert":"","cutting":"","disused":"","ele":"","embankment":"","foot":"","harbour":"","highway":"","historic":"","horse":"","junction":"","landuse":"","layer":"","leisure":"","lock":"","man_made":"","military":"","motorcar":"","name":"Starbucks","natural":"","oneway":"","operator":"","poi":"","population":"","power":"","place":"","railway":"","ref":"","religion":"","route":"","service":"","shop":"","sport":"","surface":"","toll":"","tourism":"","tower_type":"","tunnel":"","water":"","waterway":"","wetland":"","width":"","wood":"","z_order":null,"tags":""}},
{"type":"Feature","geometry":{"type":"Point","coordinates":[-90.1976257,38.6514407]},"properties":{"osm_id":2924678687,"access":"","aerialway":"","aeroway":"","amenity":"cafe","area":"","barrier":"","bicycle":"","brand":"","bridge":"","boundary":"","building":"","capital":"","covered":"","culvert":"","cutting":"","disused":"","ele":"","embankment":"","foot":"","harbour":"","highway":"","historic":"","horse":"","junction":"","landuse":"","layer":"","leisure":"","lock":"","man_made":"","military":"","motorcar":"","name":"La Mancha Coffee House","natural":"","oneway":"","operator":"","poi":"","population":"","power":"","place":"","railway":"","ref":"","religion":"","route":"","service":"","shop":"","sport":"","surface":"","toll":"","tourism":"","tower_type":"","tunnel":"","water":"","waterway":"","wetland":"","width":"","wood":"","z_order":null,"tags":"\"cuisine\"=>\"Cuban\", \"smoking\"=>\"no\", \"website\"=>\"http://www.lamanchacoffeehouse.com/\", \"addr:city\"=>\"Saint Louis\", \"addr:street\"=>\"North 14th Street\", \"addr:postcode\"=>\"63107\", \"opening_hours\"=>\"MON- THURS 7:30am-6pm , FRI& SAT 7:30am-8 pm\", \"internet_ac"}},
{"type":"Feature","geometry":{"type":"Point","coordinates":[-90.4647506,38.6777843]},"properties":{"osm_id":3813166759,"access":"","aerialway":"","aeroway":"","amenity":"cafe","area":"","barrier":"","bicycle":"","brand":"","bridge":"","boundary":"","building":"","capital":"","covered":"","culvert":"","cutting":"","disused":"","ele":"","embankment":"","foot":"","harbour":"","highway":"","historic":"","horse":"","junction":"","landuse":"","layer":"","leisure":"","lock":"","man_made":"","military":"","motorcar":"","name":"Pastries of Denmark","natural":"","oneway":"","operator":"","poi":"","population":"","power":"","place":"","railway":"","ref":"","religion":"","route":"","service":"","shop":"","sport":"","surface":"","toll":"","tourism":"","tower_type":"","tunnel":"","water":"","waterway":"","wetland":"","width":"","wood":"","z_order":null,"tags":"\"phone\"=>\"+1 314 469 7879\", \"website\"=>\"http://www.pastriesofdenmark.com/\", \"addr:city\"=>\"Creve Coeur\", \"addr:state\"=>\"MO\", \"addr:street\"=>\"Olive Boulevard\", \"addr:postcode\"=>\"63141\", \"opening_hours\"=>\"Mo-Sa 07:00-20:00\", \"addr:housenumber\"=>\"12613\""}},
{"type":"Feature","geometry":{"type":"Point","coordinates":[-90.4352096,38.6729184]},"properties":{"osm_id":4732463739,"access":"","aerialway":"","aeroway":"","amenity":"cafe","area":"","barrier":"","bicycle":"","brand":"","bridge":"","boundary":"","building":"","capital":"","covered":"","culvert":"","cutting":"","disused":"","ele":"","embankment":"","foot":"","harbour":"","highway":"","historic":"","horse":"","junction":"","landuse":"","layer":"","leisure":"","lock":"","man_made":"","military":"","motorcar":"","name":"Starbucks","natural":"","oneway":"","operator":"","poi":"","population":"","power":"","place":"","railway":"","ref":"","religion":"","route":"","service":"","shop":"","sport":"","surface":"","toll":"","tourism":"","tower_type":"","tunnel":"","water":"","waterway":"","wetland":"","width":"","wood":"","z_order":null,"tags":"\"level\"=>\"0\", \"cuisine\"=>\"coffee_shop\""}},
{"type":"Feature","geometry":{"type":"Point","coordinates":[-90.4348483,38.6730968]},"properties":{"osm_id":4732463734,"access":"","aerialway":"","aeroway":"","amenity":"cafe","area":"","barrier":"","bicycle":"","brand":"","bridge":"","boundary":"","building":"","capital":"","covered":"","culvert":"","cutting":"","disused":"","ele":"","embankment":"","foot":"","harbour":"","highway":"","historic":"","horse":"","junction":"","landuse":"","layer":"","leisure":"","lock":"","man_made":"","military":"","motorcar":"","name":"Jamba Juice","natural":"","oneway":"","operator":"","poi":"","population":"","power":"","place":"","railway":"","ref":"","religion":"","route":"","service":"","shop":"","sport":"","surface":"","toll":"","tourism":"","tower_type":"","tunnel":"","water":"","waterway":"","wetland":"","width":"","wood":"","z_order":null,"tags":"\"level\"=>\"0\", \"cuisine\"=>\"smoothie\", \"addr:city\"=>\"Creve Coeur\", \"addr:state\"=>\"MO\", \"addr:street\"=>\"Olive Boulevard\", \"addr:postcode\"=>\"63141\", \"addr:housenumber\"=>\"11477\""}},
{"type":"Feature","geometry":{"type":"Point","coordinates":[-90.3555985,38.7373849]},"properties":{"osm_id":4898169938,"access":"","aerialway":"","aeroway":"","amenity":"cafe","area":"","barrier":"","bicycle":"","brand":"","bridge":"","boundary":"","building":"","capital":"","covered":"","culvert":"","cutting":"","disused":"","ele":"","embankment":"","foot":"","harbour":"","highway":"","historic":"","horse":"","junction":"","landuse":"","layer":"","leisure":"","lock":"","man_made":"","military":"","motorcar":"","name":"","natural":"","oneway":"","operator":"","poi":"","population":"","power":"","place":"","railway":"","ref":"","religion":"","route":"","service":"","shop":"","sport":"","surface":"","toll":"","tourism":"","tower_type":"","tunnel":"","water":"","waterway":"","wetland":"","width":"","wood":"","z_order":null,"tags":"\"level\"=>\"0\", \"cuisine\"=>\"coffee_shop\""}},
{"type":"Feature","geometry":{"type":"Point","coordinates":[-90.3554681,38.7373049]},"properties":{"osm_id":4898169962,"access":"","aerialway":"","aeroway":"","amenity":"cafe","area":"","barrier":"","bicycle":"","brand":"","bridge":"","boundary":"","building":"","capital":"","covered":"","culvert":"","cutting":"","disused":"","ele":"","embankment":"","foot":"","harbour":"","highway":"","historic":"","horse":"","junction":"","landuse":"","layer":"","leisure":"","lock":"","man_made":"","military":"","motorcar":"","name":"","natural":"","oneway":"","operator":"","poi":"","population":"","power":"","place":"","railway":"","ref":"","religion":"","route":"","service":"","shop":"","sport":"","surface":"","toll":"","tourism":"","tower_type":"","tunnel":"","water":"","waterway":"","wetland":"","width":"","wood":"","z_order":null,"tags":"\"level\"=>\"0\", \"cuisine\"=>\"donut\""}},
{"type":"Feature","geometry":{"type":"Point","coordinates":[-90.3667339,38.7430375]},"properties":{"osm_id":4377888791,"access":"","aerialway":"","aeroway":"","amenity":"cafe","area":"","barrier":"","bicycle":"","brand":"","bridge":"","boundary":"","building":"","capital":"","covered":"","culvert":"","cutting":"","disused":"","ele":"","embankment":"","foot":"","harbour":"","highway":"","historic":"","horse":"","junction":"","landuse":"","layer":"","leisure":"","lock":"","man_made":"","military":"","motorcar":"","name":"Brioche Dorée","natural":"","oneway":"","operator":"","poi":"","population":"","power":"","place":"","railway":"","ref":"","religion":"","route":"","service":"","shop":"","sport":"","surface":"","toll":"","tourism":"","tower_type":"","tunnel":"","water":"","waterway":"","wetland":"","width":"","wood":"","z_order":null,"tags":"\"smoking\"=>\"no\", \"takeaway\"=>\"yes\""}},
{"type":"Feature","geometry":{"type":"Point","coordinates":[-90.3684351,38.745232]},"properties":{"osm_id":4377800097,"access":"","aerialway":"","aeroway":"","amenity":"cafe","area":"","barrier":"","bicycle":"","brand":"","bridge":"","boundary":"","building":"","capital":"","covered":"","culvert":"","cutting":"","disused":"","ele":"","embankment":"","foot":"","harbour":"","highway":"","historic":"","horse":"","junction":"","landuse":"","layer":"","leisure":"","lock":"","man_made":"","military":"","motorcar":"","name":"Dunkin Donuts","natural":"","oneway":"","operator":"","poi":"","population":"","power":"","place":"","railway":"","ref":"","religion":"","route":"","service":"","shop":"","sport":"","surface":"","toll":"","tourism":"","tower_type":"","tunnel":"","water":"","waterway":"","wetland":"","width":"","wood":"","z_order":null,"tags":"\"cuisine\"=>\"donut\""}},
{"type":"Feature","geometry":{"type":"Point","coordinates":[-90.367411,38.743846]},"properties":{"osm_id":4377882593,"access":"","aerialway":"","aeroway":"","amenity":"cafe","area":"","barrier":"","bicycle":"","brand":"","bridge":"","boundary":"","building":"","capital":"","covered":"","culvert":"","cutting":"","disused":"","ele":"","embankment":"","foot":"","harbour":"","highway":"","historic":"","horse":"","junction":"","landuse":"","layer":"","leisure":"","lock":"","man_made":"","military":"","motorcar":"","name":"Brioche Doree","natural":"","oneway":"","operator":"","poi":"","population":"","power":"","place":"","railway":"","ref":"","religion":"","route":"","service":"","shop":"","sport":"","surface":"","toll":"","tourism":"","tower_type":"","tunnel":"","water":"","waterway":"","wetland":"","width":"","wood":"","z_order":null,"tags":""}},
{"type":"Feature","geometry":{"type":"Point","coordinates":[-90.3672984,38.7437222]},"properties":{"osm_id":4377949491,"access":"","aerialway":"","aeroway":"","amenity":"cafe","area":"","barrier":"","bicycle":"","brand":"","bridge":"","boundary":"","building":"","capital":"","covered":"","culvert":"","cutting":"","disused":"","ele":"","embankment":"","foot":"","harbour":"","highway":"","historic":"","horse":"","junction":"","landuse":"","layer":"","leisure":"","lock":"","man_made":"","military":"","motorcar":"","name":"Brioche Dorée","natural":"","oneway":"","operator":"","poi":"","population":"","power":"","place":"","railway":"","ref":"","religion":"","route":"","service":"","shop":"","sport":"","surface":"","toll":"","tourism":"","tower_type":"","tunnel":"","water":"","waterway":"","wetland":"","width":"","wood":"","z_order":null,"tags":""}},
{"type":"Feature","geometry":{"type":"Point","coordinates":[-90.3676126,38.7440875]},"properties":{"osm_id":4377974289,"access":"","aerialway":"","aeroway":"","amenity":"cafe","area":"","barrier":"","bicycle":"","brand":"","bridge":"","boundary":"","building":"","capital":"","covered":"","culvert":"","cutting":"","disused":"","ele":"","embankment":"","foot":"","harbour":"","highway":"","historic":"","horse":"","junction":"","landuse":"","layer":"","leisure":"","lock":"","man_made":"","military":"","motorcar":"","name":"Starbucks","natural":"","oneway":"","operator":"","poi":"","population":"","power":"","place":"","railway":"","ref":"","religion":"","route":"","service":"","shop":"","sport":"","surface":"","toll":"","tourism":"","tower_type":"","tunnel":"","water":"","waterway":"","wetland":"","width":"","wood":"","z_order":null,"tags":"\"cuisine\"=>\"coffee_shop\""}},
{"type":"Feature","geometry":{"type":"Point","coordinates":[-90.4905715,38.7737343]},"properties":{"osm_id":3654499525,"access":"","aerialway":"","aeroway":"","amenity":"cafe","area":"","barrier":"","bicycle":"","brand":"","bridge":"","boundary":"","building":"","capital":"","covered":"","culvert":"","cutting":"","disused":"","ele":"","embankment":"","foot":"","harbour":"","highway":"","historic":"","horse":"","junction":"","landuse":"","layer":"","leisure":"","lock":"","man_made":"","military":"","motorcar":"","name":"Starbucks","natural":"","oneway":"","operator":"","poi":"","population":"","power":"","place":"","railway":"","ref":"","religion":"","route":"","service":"","shop":"","sport":"","surface":"","toll":"","tourism":"","tower_type":"","tunnel":"","water":"","waterway":"","wetland":"","width":"","wood":"","z_order":null,"tags":"\"cuisine\"=>\"coffee_shop\", \"addr:city\"=>\"St. Charles\", \"addr:street\"=>\"South 5th Street\", \"addr:housenumber\"=>\"1030\""}},
{"type":"Feature","geometry":{"type":"Point","coordinates":[-90.3057066,38.7468945]},"properties":{"osm_id":2784688331,"access":"","aerialway":"","aeroway":"","amenity":"cafe","area":"","barrier":"","bicycle":"","brand":"","bridge":"","boundary":"","building":"","capital":"","covered":"","culvert":"","cutting":"","disused":"","ele":"","embankment":"","foot":"","harbour":"","highway":"","historic":"","horse":"","junction":"","landuse":"","layer":"","leisure":"","lock":"","man_made":"","military":"","motorcar":"","name":"Corner Coffee House","natural":"","oneway":"","operator":"","poi":"","population":"","power":"","place":"","railway":"","ref":"","religion":"","route":"","service":"","shop":"","sport":"","surface":"","toll":"","tourism":"","tower_type":"","tunnel":"","water":"","waterway":"","wetland":"","width":"","wood":"","z_order":null,"tags":"\"phone\"=>\"314-521-4600\", \"cuisine\"=>\"coffee_shop\", \"website\"=>\"http://www.cornercoffeestl.com/\", \"addr:city\"=>\"Ferguson\", \"addr:street\"=>\"New Florissant Road\", \"addr:postcode\"=>\"63135\", \"internet_access\"=>\"wlan\", \"addr:housenumber\"=>\"100\""}},
{"type":"Feature","geometry":{"type":"Point","coordinates":[-90.0144368,38.6762986]},"properties":{"osm_id":4412662739,"access":"","aerialway":"","aeroway":"","amenity":"cafe","area":"","barrier":"","bicycle":"","brand":"","bridge":"","boundary":"","building":"","capital":"","covered":"","culvert":"","cutting":"","disused":"","ele":"","embankment":"","foot":"","harbour":"","highway":"","historic":"","horse":"","junction":"","landuse":"","layer":"","leisure":"","lock":"","man_made":"","military":"","motorcar":"","name":"Starbucks","natural":"","oneway":"","operator":"","poi":"","population":"","power":"","place":"","railway":"","ref":"","religion":"","route":"","service":"","shop":"","sport":"","surface":"","toll":"","tourism":"","tower_type":"","tunnel":"","water":"","waterway":"","wetland":"","width":"","wood":"","z_order":null,"tags":"\"internet_access\"=>\"wlan\""}},
{"type":"Feature","geometry":{"type":"Point","coordinates":[-90.1367748,38.9161587]},"properties":{"osm_id":354231380,"access":"","aerialway":"","aeroway":"","amenity":"cafe","area":"","barrier":"","bicycle":"","brand":"","bridge":"","boundary":"","building":"","capital":"","covered":"","culvert":"","cutting":"","disused":"","ele":"151","embankment":"","foot":"","harbour":"","highway":"","historic":"","horse":"","junction":"","landuse":"","layer":"","leisure":"","lock":"","man_made":"","military":"","motorcar":"","name":"Senior Services Plus, Inc.","natural":"","oneway":"","operator":"","poi":"","population":"","power":"","place":"","railway":"","ref":"","religion":"","route":"","service":"","shop":"","sport":"","surface":"","toll":"","tourism":"","tower_type":"","tunnel":"","water":"","waterway":"","wetland":"","width":"","wood":"","z_order":null,"tags":"\"wifi\"=>\"free\", \"cuisine\"=>\"american\", \"website\"=>\"www.seniorservicesplus.org\", \"addr:street\"=>\"N. Rodgers Ave.\", \"gnis:created\"=>\"03/17/1999\", \"addr:postcode\"=>\"62022\", \"gnis:state_id\"=>\"17\", \"addr:housename\"=>\"Senior Services Plus\", \"gnis:county_id\"=>\""}},
{"type":"Feature","geometry":{"type":"Point","coordinates":[-89.9870073,38.5723272]},"properties":{"osm_id":4047209068,"access":"","aerialway":"","aeroway":"","amenity":"cafe","area":"","barrier":"","bicycle":"","brand":"","bridge":"","boundary":"","building":"","capital":"","covered":"","culvert":"","cutting":"","disused":"","ele":"","embankment":"","foot":"","harbour":"","highway":"","historic":"","horse":"","junction":"","landuse":"","layer":"","leisure":"","lock":"","man_made":"","military":"","motorcar":"","name":"Starbucks","natural":"","oneway":"","operator":"","poi":"","population":"","power":"","place":"","railway":"","ref":"","religion":"","route":"","service":"","shop":"","sport":"","surface":"","toll":"","tourism":"","tower_type":"","tunnel":"","water":"","waterway":"","wetland":"","width":"","wood":"","z_order":null,"tags":""}},
{"type":"Feature","geometry":{"type":"Point","coordinates":[-89.9307075,38.5733353]},"properties":{"osm_id":2080749853,"access":"","aerialway":"","aeroway":"","amenity":"cafe","area":"","barrier":"","bicycle":"","brand":"","bridge":"","boundary":"","building":"","capital":"","covered":"","culvert":"","cutting":"","disused":"","ele":"","embankment":"","foot":"","harbour":"","highway":"","historic":"","horse":"","junction":"","landuse":"","layer":"","leisure":"","lock":"","man_made":"","military":"","motorcar":"","name":"Starbucks","natural":"","oneway":"","operator":"","poi":"","population":"","power":"","place":"","railway":"","ref":"","religion":"","route":"","service":"","shop":"","sport":"","surface":"","toll":"","tourism":"","tower_type":"","tunnel":"","water":"","waterway":"","wetland":"","width":"","wood":"","z_order":null,"tags":"\"wifi\"=>\"yes\", \"cuisine\"=>\"coffee_shop\", \"website\"=>\"www.starbucks.com\", \"addr:street\"=>\"Central Park Place\", \"addr:postcode\"=>\"62269\", \"addr:housenumber\"=>\"1126\""}},
{"type":"Feature","geometry":{"type":"Point","coordinates":[-89.9843742,38.5852336]},"properties":{"osm_id":1646288762,"access":"","aerialway":"","aeroway":"","amenity":"cafe","area":"","barrier":"","bicycle":"","brand":"","bridge":"","boundary":"","building":"","capital":"","covered":"","culvert":"","cutting":"","disused":"","ele":"","embankment":"","foot":"","harbour":"","highway":"","historic":"","horse":"","junction":"","landuse":"","layer":"","leisure":"","lock":"","man_made":"","military":"","motorcar":"","name":"Krispy Kreme","natural":"","oneway":"","operator":"","poi":"","population":"","power":"","place":"","railway":"","ref":"","religion":"","route":"","service":"","shop":"","sport":"","surface":"","toll":"","tourism":"","tower_type":"","tunnel":"","water":"","waterway":"","wetland":"","width":"","wood":"","z_order":null,"tags":"\"cuisine\"=>\"donuts\""}},
{"type":"Feature","geometry":{"type":"Point","coordinates":[-89.9853647,38.5861315]},"properties":{"osm_id":4022891967,"access":"","aerialway":"","aeroway":"","amenity":"cafe","area":"","barrier":"","bicycle":"","brand":"","bridge":"","boundary":"","building":"","capital":"","covered":"","culvert":"","cutting":"","disused":"","ele":"","embankment":"","foot":"","harbour":"","highway":"","historic":"","horse":"","junction":"","landuse":"","layer":"","leisure":"","lock":"","man_made":"","military":"","motorcar":"","name":"Saint Louis Bread Company","natural":"","oneway":"","operator":"","poi":"","population":"","power":"","place":"","railway":"","ref":"","religion":"","route":"","service":"","shop":"","sport":"","surface":"","toll":"","tourism":"","tower_type":"","tunnel":"","water":"","waterway":"","wetland":"","width":"","wood":"","z_order":null,"tags":""}},
{"type":"Feature","geometry":{"type":"Point","coordinates":[-89.9844026,38.5877791]},"properties":{"osm_id":4047209058,"access":"","aerialway":"","aeroway":"","amenity":"cafe","area":"","barrier":"","bicycle":"","brand":"","bridge":"","boundary":"","building":"","capital":"","covered":"","culvert":"","cutting":"","disused":"","ele":"","embankment":"","foot":"","harbour":"","highway":"","historic":"","horse":"","junction":"","landuse":"","layer":"","leisure":"","lock":"","man_made":"","military":"","motorcar":"","name":"Dunkin Donuts","natural":"","oneway":"","operator":"","poi":"","population":"","power":"","place":"","railway":"","ref":"","religion":"","route":"","service":"","shop":"","sport":"","surface":"","toll":"","tourism":"","tower_type":"","tunnel":"","water":"","waterway":"","wetland":"","width":"","wood":"","z_order":null,"tags":"\"cuisine\"=>\"donuts\""}}
]}